ORES,OSAT,ALFA,NPAR,KSAT,LEXP,q,bd
0.0,0.505,0.005,1.262,1,22.73,0.2506296023005121,1.21
0.0025,0.379643275,0.02674269,1.298444444,13.40677543,-0.785497076,0.1,1.43
0.0025,0.379643275,0.02674269,1.298444444,13.44361247,-0.785497076,0.1,1.43
0.0025,0.379643275,0.02674269,1.298444444,19.90295541,-0.785497076,0.1,1.43
0.0025,0.379643275,0.02674269,1.298444444,14.02470667,-0.785497076,0.1,1.43
0.0025,0.379643275,0.02674269,1.298444444,14.36805674,-0.785497076,0.1,1.43
0.0025,0.379643275,0.02674269,1.298444444,12.43546891,-0.785497076,0.1,1.43